C113482,Pushbutton Switches & Relays,DIP Switches,NDS-04V,SW-TH_8P-L11.8-W9.9-P2.54-LS7.6,8,Diptronics,Extended,SPST 4 2.54mm, Full Slide (Standard) Red Through Hole DIP Switches RoHS,https://datasheet.lcsc.com/szlcsc/1809291514_Diptronics-NDS-04V_C113482.pdf,500-999:0.266141732,4000-:0.256692913,2000-3999:0.258267717,1-9:0.407874016,30-99:0.291338583,10-29:0.310236220,100-499:0.274015748,1000-1999:0.261417323,0,
C113484,Pushbutton Switches & Relays,DIP Switches,NDS-05V,SW-TH_10P-L14.3-W9.9-P2.54-LS7.6,10,Diptronics,Extended,SPST 5 2.54mm, Full Slide (Standard) Red Through Hole DIP Switches RoHS,https://datasheet.lcsc.com/szlcsc/1810010323_Diptronics-NDS-05V_C113484.pdf,500-999:0.308661417,10-29:0.362204724,100-499:0.318110236,1000-1999:0.303937008,4000-:0.297637795,1-9:0.480314961,30-99:0.340157480,2000-3999:0.300787402,0,
C115081,Pushbutton Switches & Relays,Relays,HFE9-1/12DST,RELAY-TH,3,HF(Xiamen Hongfa Electroacoustic),Extended,SPST-NC 60A Latching, Single Coil 12VDC General Purpose Through Hole Relays ROHS,https://datasheet.lcsc.com/lcsc/1810010722_HF-Xiamen-Hongfa-Electroacoustic-HFE9-1-12DST_C115081.pdf,4000-:1.862992126,10-29:2.792125984,500-999:1.930708661,2000-3999:1.877165354,1-9:3.396850394,30-99:2.354330709,100-499:1.992125984,1000-1999:1.900787402,0,
C117488,Pushbutton Switches & Relays,Relays,HF49FD-012-1H12,RELAY-TH_HF49FD-0XX-1H12,4,HF(Xiamen Hongfa Electroacoustic),Extended,General Purpose Non Latching 12VDC SPST-NO Through Hole Relays RoHS,https://datasheet.lcsc.com/szlcsc/1810111635_HF-Xiamen-Hongfa-Electroacoustic-HF49FD-012-1H12_C117488.pdf,10-29:0.800000000,100-499:0.710236220,1000-1999:0.680314961,1-9:1.045669291,30-99:0.755905512,2000-3999:0.674015748,500-999:0.691338583,4000-:0.667716535,0,
C119032,Pushbutton Switches & Relays,Relays,HF42F/024-2HS,RELAYS-TH_HF42F_+_XX-2HSX_XXX,6,HF(Xiamen Hongfa Electroacoustic),Extended,DPST-NO 5A Non Latching 24VDC General Purpose Through Hole Relays ROHS,https://datasheet.lcsc.com/lcsc/1810111040_HF-Xiamen-Hongfa-Electroacoustic-HF42F-024-2HS_C119032.pdf,1-9:1.048818898,10-29:0.864566929,30-99:0.730708661,100-499:0.622047244,1000-1999:0.593700787,500-999:0.603149606,2000-3999:0.585826772,4000-:0.581102362,0,
C12248,Pushbutton Switches & Relays,Relays,HF33F/024-HS,RELAY-TH,4,HF(Xiamen Hongfa Electroacoustic),Extended,General Purpose Non Latching 24VDC SPST-NO Through Hole Relays RoHS,https://datasheet.lcsc.com/lcsc/1811040323_HF-Xiamen-Hongfa-Electroacoustic-HF33F-024-HS_C12248.pdf,1-9:0.779527559,30-99:0.543307087,2000-3999:0.436220472,10-29:0.642519685,100-499:0.461417323,1000-1999:0.440944882,4000-:0.433070866,500-999:0.448818898,0,
C124939,Pushbutton Switches & Relays,Tactile Switches,K6-1212A-03,SW-TH_K6-1212A-04,6,Korean Hroparts Elec,Extended,Top Actuated 50mA @ 12VDC Round Button SPST - Tactile Switches ROHS,https://datasheet.lcsc.com/lcsc/1809211410_Korean-Hroparts-Elec-K6-1212A-03_C124939.pdf,1-9:1.083464567,30-99:0.754330709,1000-1999:0.611023622,2000-3999:0.604724409,10-29:0.892913386,100-499:0.640944882,500-999:0.620472441,4000-:0.600000000,0,
C125158,Pushbutton Switches & Relays,DIP Switches,NDS-10V,SW-TH,20,Diptronics,Extended,SPST 10 2.54mm, Full Slide (Standard) Red Through Hole DIP Switches RoHS,https://datasheet.lcsc.com/lcsc/1809291617_Diptronics-NDS-10V_C125158.pdf,1-9:0.658267717,10-29:0.497637795,30-99:0.467716535,100-499:0.437795276,500-999:0.425196850,1000-1999:0.418897638,2000-3999:0.414173228,4000-:0.411023622,0,
C125683,Pushbutton Switches & Relays,Relays,AC5-S-DC5V,RELAYS-TH_AC5-X-XXX,4,Zhejiang HKE,Extended,General Purpose Non Latching 5VDC SPST-NO Through Hole Relays RoHS,https://datasheet.lcsc.com/szlcsc/1810171031_Zhejiang-HKE-AC5-S-DC5V_C125683.pdf,500-999:0.313385827,4000-:0.302362205,2000-3999:0.303937008,1-9:0.541732283,10-29:0.447244094,30-99:0.379527559,100-499:0.322834646,1000-1999:0.308661417,0,
C125685,Pushbutton Switches & Relays,Relays,AC5-S-DC24V,RELAYS-TH,4,Zhejiang HKE,Extended,General Purpose Non Latching 24VDC SPST-NO Through Hole Relays RoHS,https://datasheet.lcsc.com/lcsc/1809261611_Zhejiang-HKE-AC5-S-DC24V_C125685.pdf,4000-:0.316535433,500-999:0.329133858,2000-3999:0.319685039,10-29:0.472440945,100-499:0.338582677,1-9:0.573228346,30-99:0.398425197,1000-1999:0.322834646,0,
C125697,Pushbutton Switches & Relays,Relays,HCP2-S-DC5V-C,RELAY-TH,8,Zhejiang HKE,Extended,General Purpose Non Latching 5VDC DPDT Through Hole Relays RoHS,https://datasheet.lcsc.com/lcsc/1808301519_Zhejiang-HKE-HCP2-S-DC5V-C_C125697.pdf,10-29:1.264566929,100-499:0.905511811,1000-1999:0.864566929,4000-:0.847244094,500-999:0.878740157,1-9:1.535433071,30-99:1.067716535,2000-3999:0.853543307,0,
C128933,Pushbutton Switches & Relays,Multi-Directional Switches,K1-1203UA-01,KEY-SMD,9,Korean Hroparts Elec,Extended,SMD Multi-Directional Switches ROHS,https://datasheet.lcsc.com/lcsc/1809211417_Korean-Hroparts-Elec-K1-1203UA-01_C128933.pdf,1-9:2.200000000,10-29:2.143307087,30-99:2.143307087,100-499:2.143307087,500-999:2.143307087,1000-1999:2.143307087,2000-3999:2.143307087,4000-:2.143307087,0,
C128971,Pushbutton Switches & Relays,Light Switches,K6-6271D-02,SW-TH_K6-6271D-02,6,Korean Hroparts Elec,Extended,SPST-NO 50mA @ 12VDC Top Actuated Square Button Through Hole Light Switches RoHS,https://datasheet.lcsc.com/szlcsc/1809211417_Korean-Hroparts-Elec-K6-6271D-02_C128971.pdf,1-9:1.225196850,30-99:0.870866142,1000-1999:0.779527559,2000-3999:0.770078740,10-29:0.925984252,100-499:0.815748031,4000-:0.763779528,500-999:0.792125984,0,
C128972,Pushbutton Switches & Relays,Light Switches,K6-6270S-02,SW-TH,6,Korean Hroparts Elec,Extended,SPST-NO 50mA @ 12VDC Top Actuated SMD,P=2.54mm Light Switches RoHS,https://datasheet.lcsc.com/lcsc/1809212217_Korean-Hroparts-Elec-K6-6270S-02_C128972.pdf,2000-3999:0.434645669,4000-:0.431496063,1-9:0.697637795,10-29:0.524409449,30-99:0.492913386,100-499:0.461417323,500-999:0.447244094,1000-1999:0.439370079,0,
C128978,Pushbutton Switches & Relays,Tactile Switches,K6-1212A-04,SW-TH_K6-1212A-04,6,Korean Hroparts Elec,Extended,SPST-NO 50mA @ 12VDC Standard Top Actuated Through Hole Tactile Switches ROHS,https://datasheet.lcsc.com/lcsc/1809140819_Korean-Hroparts-Elec-K6-1212A-04_C128978.pdf,1-9:1.022047244,10-29:0.842519685,30-99:0.713385827,100-499:0.606299213,500-999:0.587401575,1000-1999:0.577952756,2000-3999:0.571653543,4000-:0.566929134,0,
C129022,Pushbutton Switches & Relays,DIP Switches,DA-03RP,SW-TH_6P-L9.0-W8.8-P2.54-LS2.5,6,Korean Hroparts Elec,Extended,2.54mm, Full 3 SPST Slide (Standard) Red Through Hole DIP Switches ROHS,https://datasheet.lcsc.com/lcsc/1810101831_Korean-Hroparts-Elec-DA-03RP_C129022.pdf,1-9:0.351968504,10-29:0.291496063,30-99:0.247559055,100-499:0.211496063,500-999:0.205354331,1000-1999:0.202204724,2000-3999:0.200000000,4000-:0.198425197,0,
C129025,Pushbutton Switches & Relays,DIP Switches,DA-06RP,SW-TH_DA-06,12,Korean Hroparts Elec,Extended,SPST 6 2.54mm, Full Slide (Standard) Red Through Hole DIP Switches RoHS,https://datasheet.lcsc.com/szlcsc/1809211419_Korean-Hroparts-Elec-DA-06RP_C129025.pdf,500-999:0.278740157,4000-:0.269291339,10-29:0.400000000,100-499:0.286614173,1-9:0.485039370,30-99:0.338582677,1000-1999:0.274015748,2000-3999:0.270866142,0,
C129026,Pushbutton Switches & Relays,DIP Switches,DA-07RP,SW-TH_DA-07RP,14,Korean Hroparts Elec,Extended,SPST 7 2.54mm, Full Slide (Standard) Red Through Hole DIP Switches RoHS,https://datasheet.lcsc.com/szlcsc/1811082120_Korean-Hroparts-Elec-DA-07RP_C129026.pdf,1-9:0.521259843,30-99:0.363779528,2000-3999:0.291338583,500-999:0.299212598,10-29:0.429921260,100-499:0.308661417,1000-1999:0.294488189,4000-:0.288188976,0,
C129029,Pushbutton Switches & Relays,DIP Switches,DA-10RP,SW-TH_DA-10RP,20,Korean Hroparts Elec,Extended,SPST 10 2.54mm, Full Slide (Standard) Red Through Hole DIP Switches RoHS,https://datasheet.lcsc.com/szlcsc/1809211419_Korean-Hroparts-Elec-DA-10RP_C129029.pdf,4000-:0.384251969,1-9:0.688188976,30-99:0.481889764,1000-1999:0.392125984,2000-3999:0.387401575,500-999:0.398425197,10-29:0.568503937,100-499:0.409448819,0,
C129035,Pushbutton Switches & Relays,DIP Switches,DA-06BP,SW-TH,12,Korean Hroparts Elec,Extended,SPST 6 2.54mm, Full Slide (Standard) Blue Through Hole DIP Switches RoHS,https://datasheet.lcsc.com/lcsc/1809211419_Korean-Hroparts-Elec-DA-06BP_C129035.pdf,30-99:0.341732283,2000-3999:0.275590551,4000-:0.274015748,500-999:0.283464567,1-9:0.489763780,10-29:0.404724409,100-499:0.291338583,1000-1999:0.278740157,0,
C129037,Pushbutton Switches & Relays,DIP Switches,DA-08BP,SW-TH,16,Korean Hroparts Elec,Extended,SPST 8 2.54mm, Full Slide (Standard) Blue Through Hole DIP Switches RoHS,https://datasheet.lcsc.com/lcsc/1809211419_Korean-Hroparts-Elec-DA-08BP_C129037.pdf,10-29:0.458267717,100-499:0.329133858,500-999:0.319685039,2000-3999:0.311811024,4000-:0.308661417,1-9:0.555905512,30-99:0.387401575,1000-1999:0.314960630,0,
C129046,Pushbutton Switches & Relays,DIP Switches,DP-07RP,SW-TH,14,Korean Hroparts Elec,Extended,SPST 7 2.54mm, Full Piano Red Through Hole DIP Switches RoHS,https://datasheet.lcsc.com/lcsc/1809211412_Korean-Hroparts-Elec-DP-07RP_C129046.pdf,4000-:0.288188976,500-999:0.299212598,1-9:0.521259843,10-29:0.429921260,100-499:0.308661417,1000-1999:0.294488189,30-99:0.363779528,2000-3999:0.291338583,0,
C129051,Pushbutton Switches & Relays,DIP Switches,DP-02BP,SW-TH_DP-02XP,4,Korean Hroparts Elec,Extended,2.54mm, Full 2 SPST Piano Blue Through Hole DIP Switches ROHS,https://datasheet.lcsc.com/lcsc/1809211125_Korean-Hroparts-Elec-DP-02BP_C129051.pdf,500-999:0.175433071,4000-:0.169511811,1-9:0.300629921,30-99:0.211496063,1000-1999:0.172740157,2000-3999:0.170803150,10-29:0.248976378,100-499:0.180629921,0,
C129055,Pushbutton Switches & Relays,DIP Switches,DP-07BP,SW-TH,14,Korean Hroparts Elec,Extended,SPST 7 2.54mm, Full Piano Blue Through Hole DIP Switches RoHS,https://datasheet.lcsc.com/lcsc/1809211126_Korean-Hroparts-Elec-DP-07BP_C129055.pdf,1-9:0.491338583,10-29:0.400000000,30-99:0.333858268,500-999:0.269291339,2000-3999:0.261417323,100-499:0.278740157,1000-1999:0.264566929,4000-:0.259842520,0,
C129058,Pushbutton Switches & Relays,DIP Switches,DP-10BP,SW-TH_DP-10XP,20,Korean Hroparts Elec,Extended,2.54mm, Full 10 SPST Piano Blue Through Hole DIP Switches ROHS,https://datasheet.lcsc.com/lcsc/1809211126_Korean-Hroparts-Elec-DP-10BP_C129058.pdf,1-9:0.628346457,30-99:0.437795276,1000-1999:0.355905512,500-999:0.360629921,2000-3999:0.351181102,4000-:0.348031496,10-29:0.518110236,100-499:0.371653543,0,
C129063,Pushbutton Switches & Relays,DIP Switches,DS-07RP,SW-TH,14,Korean Hroparts Elec,Extended,SPST 7 2.54mm, Full Slide (Standard) Red Through Hole DIP Switches RoHS,https://datasheet.lcsc.com/lcsc/1809211127_Korean-Hroparts-Elec-DS-07RP_C129063.pdf,4000-:0.218897638,500-999:0.226771654,10-29:0.325984252,100-499:0.234645669,1000-1999:0.223622047,1-9:0.395275591,30-99:0.275590551,2000-3999:0.220472441,0,
C129068,Pushbutton Switches & Relays,DIP Switches,DS-02BP,SW-TH,4,Korean Hroparts Elec,Extended,SPST 2 2.54mm, Full Slide (Standard) Blue Through Hole DIP Switches RoHS,https://datasheet.lcsc.com/lcsc/1809211127_Korean-Hroparts-Elec-DS-02BP_C129068.pdf,500-999:0.149763780,4000-:0.144724409,30-99:0.180629921,2000-3999:0.145826772,1-9:0.256692913,10-29:0.212598425,100-499:0.154173228,1000-1999:0.147401575,0,
C136694,Pushbutton Switches & Relays,Push Switches,K8-1385D-L1,13.1X8.5mm,12,Korean Hroparts Elec,Extended,LATCHING 14.05mm 100mA 400±80gf Through Hole 13.10mm x 8.50mm DPDT 13.1*8.5mm Push Switches ROHS,https://datasheet.lcsc.com/lcsc/1809211421_Korean-Hroparts-Elec-K8-1385D-L1_C136694.pdf,10-29:0.242834646,100-499:0.176220472,1-9:0.293228346,30-99:0.206299213,1000-1999:0.168535433,2000-3999:0.166645669,500-999:0.171070866,4000-:0.165385827,0,
C13828,Pushbutton Switches & Relays,Tactile Switches,C13828,SW-TH_4P-L6.0-W6.0-P4.50-LS6.5,4,Dongguan Guangzhu Industrial,Extended,SPST 50mA @ 12VDC Vertical Round Button 250±40gf Through Hole Tactile Switches RoHS,https://datasheet.lcsc.com/szlcsc/1912111437_Dongguan-Guangzhu-Industrial-C13828_C13828.pdf,100-290:0.032125984,1000-4990:0.022992126,10000-19990:0.021889764,40000-:0.021417323,5000-9990:0.022204724,10-90:0.039055118,300-990:0.027086614,20000-39990:0.021574803,12915,
C141973,Pushbutton Switches & Relays,Relays,6-1393243-8,RELAY-TH_6-1393243-8,8,TE Connectivity,Extended,General Purpose Non Latching 24VDC SPDT-CO Through Hole Relays RoHS,https://datasheet.lcsc.com/szlcsc/1811132014_TE-Connectivity-6-1393243-8_C141973.pdf,500-999:1.595275591,2000-3999:1.554330709,4000-:1.543307087,10-29:2.255118110,100-499:1.642519685,1-9:2.719685039,30-99:1.919685039,1000-1999:1.571653543,0,
C145852,Pushbutton Switches & Relays,Slide Switches,K3-1293S-E2,SW-TH,7,Korean Hroparts Elec,Extended,- - On-On SPDT - 5*2.75mm Slide Switches ROHS,https://datasheet.lcsc.com/lcsc/1809211432_Korean-Hroparts-Elec-K3-1293S-E2_C145852.pdf,1000-1999:0.126456693,2000-3999:0.125039370,4000-:0.124094488,1-9:0.220000000,10-29:0.182204724,30-99:0.154803150,100-499:0.132125984,500-999:0.128346457,0,
C190371,Pushbutton Switches & Relays,DIP Switches,NDS-03V,SW-TH_6P-L9.2-W9.9-P2.54-LS7.6,6,Diptronics,Extended,SPST 3 2.54mm, Full Slide (Standard) Red Through Hole DIP Switches RoHS,https://datasheet.lcsc.com/szlcsc/1809271523_Diptronics-NDS-03V_C190371.pdf,2000-3999:0.262992126,1-9:0.420472441,30-99:0.297637795,1000-1999:0.266141732,4000-:0.261417323,500-999:0.270866142,10-29:0.316535433,100-499:0.278740157,0,
C191112,Pushbutton Switches & Relays,Relays,NA-12W-K,REALY-TH,8,FUJITSU,Extended,Telecom Non Latching 12VDC DPDT Through Hole Relays RoHS,https://datasheet.lcsc.com/lcsc/1809291530_FUJITSU-NA-12W-K_C191112.pdf,10-29:0.935433071,100-499:0.825196850,1000-1999:0.788976378,4000-:0.773228346,1-9:1.234645669,30-99:0.880314961,2000-3999:0.779527559,500-999:0.800000000,0,
C221577,Pushbutton Switches & Relays,DIP Switches,BPA08SBR,SW-SMD,16,C&K,Extended,2.54mm, Full 8 SPST Slide (Standard) Black SMD DIP Switches ROHS,https://datasheet.lcsc.com/lcsc/1809292031_C&K-BPA08SBR_C221577.pdf,1-9:2.341732283,10-29:1.937007874,30-99:1.644094488,100-499:1.401574803,500-999:1.360629921,1000-:1.340157480,0,
C221891,Pushbutton Switches & Relays,Tactile Switches,PTS645VL39-2LFS,KEY-TH_PTS645VXX39XLFS,4,C&K,Extended,SPST 50mA @ 12VDC Side operation Round Button Through Hole Tactile Switches RoHS,https://datasheet.lcsc.com/szlcsc/1810121643_C-K-PTS645VL39-2LFS_C221891.pdf,1-9:0.120157480,30-99:0.080472441,2000-3999:0.069291339,500-999:0.071653543,4000-:0.068661417,10-29:0.086614173,100-499:0.074330709,1000-1999:0.070236220,0,
C221892,Pushbutton Switches & Relays,Tactile Switches,PTS645VL58-2LFS,KEY-TH_PTS645VXX39XLFS,4,C&K,Extended,SPST 50mA @ 12VDC Side operation Round Button Through Hole Tactile Switches RoHS,https://datasheet.lcsc.com/szlcsc/1810121646_C-K-PTS645VL58-2LFS_C221892.pdf,4000-:0.091968504,2000-3999:0.092755906,500-999:0.095118110,1-9:0.144094488,10-29:0.110236220,30-99:0.104094488,100-499:0.097795276,1000-1999:0.093700787,0,
C221894,Pushbutton Switches & Relays,Tactile Switches,PTS645VM83-2LFS,KEY-TH_PTS645VXX39XLFS,4,C&K,Extended,SPST 50mA @ 12VDC Side operation Round Button Through Hole Tactile Switches RoHS,https://datasheet.lcsc.com/szlcsc/1810121641_C-K-PTS645VM83-2LFS_C221894.pdf,5-45:0.107244094,150-495:0.077007874,10000-19995:0.068346457,50-145:0.081574803,500-2495:0.072283465,5000-9995:0.069133858,2500-4995:0.070236220,20000-:0.067874016,0,
C237036,Pushbutton Switches & Relays,DIP Switches,DBS2106,SW-TH_12P-L16.8-W9.9-P2.54-LS7.6,12,Knitter-switch,Extended,2.54mm, Full 6 SPST Slide (Standard) Red Through Hole,P=2.54mm DIP Switches ROHS,https://datasheet.lcsc.com/lcsc/1809201214_Knitter-switch-DBS2106_C237036.pdf,4000-:0.963779528,500-999:0.996850394,1-9:1.721259843,30-99:1.206299213,2000-3999:0.970078740,10-29:1.422047244,100-499:1.026771654,1000-1999:0.982677165,0,
C237039,Pushbutton Switches & Relays,Coded Rotary Switches,DRR3016,SW-TH_DRR3016,5,Knitter-switch,Extended,Through Hole Coded Rotary Switches ROHS,https://datasheet.lcsc.com/lcsc/1809201214_Knitter-switch-DRR3016_C237039.pdf,500-999:2.686614173,2000-3999:2.614173228,10-29:2.872440945,100-499:2.721259843,4000-:2.593700787,1-9:3.286614173,30-99:2.796850394,1000-1999:2.645669291,0,
C237042,Pushbutton Switches & Relays,Coded Rotary Switches,DRR3116,SW-TH_DRR3116,5,Knitter-switch,Extended,Through Hole Coded Rotary Switches ROHS,https://datasheet.lcsc.com/lcsc/1809201214_Knitter-switch-DRR3116_C237042.pdf,1-9:3.286614173,10-29:2.872440945,30-99:2.796850394,100-499:2.721259843,500-999:2.686614173,1000-1999:2.645669291,2000-3999:2.614173228,4000-:2.593700787,0,
C237065,Pushbutton Switches & Relays,Slide Switches,MFP211N,SW-TH_MFP211N,10,Knitter-switch,Extended,30V 350mA On-On DPDT - Through Hole Slide Switches ROHS,https://datasheet.lcsc.com/lcsc/1810132313_Knitter-switch-MFP211N_C237065.pdf,500-999:0.499212598,2000-3999:0.485039370,10-29:0.710236220,100-499:0.513385827,1-9:0.859842520,30-99:0.603149606,1000-1999:0.491338583,4000-:0.481889764,0,
C237067,Pushbutton Switches & Relays,Slide Switches,MFP213N-RA,SW-TH_MFP213N-RA,8,Knitter-switch,Extended,12V 100mA @ 12VDC On-On DPDT - Through Hole Slide Switches ROHS,https://datasheet.lcsc.com/lcsc/1810132111_Knitter-switch-MFP213N-RA_C237067.pdf,1-9:1.004724409,10-29:0.831496063,30-99:0.705511811,100-499:0.601574803,500-999:0.582677165,1000-1999:0.574803150,2000-3999:0.568503937,4000-:0.563779528,0,
C237079,Pushbutton Switches & Relays,Slide Switches,MMP1010D,SW-TH_MMP1010D,3,Knitter-switch,Extended,12V 500mA @ 12VDC On-On SPDT - Through Hole Slide Switches ROHS,https://datasheet.lcsc.com/lcsc/1810222155_Knitter-switch-MMP1010D_C237079.pdf,4000-:0.774803150,500-999:0.800000000,10-29:1.137007874,100-499:0.825196850,1000-1999:0.788976378,1-9:1.373228346,30-99:0.965354331,2000-3999:0.779527559,0,
C237086,Pushbutton Switches & Relays,Coded Rotary Switches,SMR14016,SW-SMD,6,Knitter-switch,Extended,Through Hole Coded Rotary Switches ROHS,https://datasheet.lcsc.com/lcsc/1809201214_Knitter-switch-SMR14016_C237086.pdf,500-999:3.858267717,1-9:4.718110236,30-99:4.015748031,2000-3999:3.752755906,4000-:3.724409449,10-29:4.124409449,100-499:3.907086614,1000-1999:3.798425197,0,
C237088,Pushbutton Switches & Relays,Coded Rotary Switches,SMR14116,SW-SMD,6,Knitter-switch,Extended,Through Hole Coded Rotary Switches ROHS,https://datasheet.lcsc.com/lcsc/1809201231_Knitter-switch-SMR14116_C237088.pdf,500-999:3.858267717,2000-3999:3.752755906,1-9:4.718110236,30-99:4.015748031,1000-1999:3.798425197,10-29:4.124409449,100-499:3.907086614,4000-:3.724409449,0,
C24645,Pushbutton Switches & Relays,Relays,HF115F/024-1HS3,RELAY-TH_HF115F-XXX-1HS3,6,HF(Xiamen Hongfa Electroacoustic),Extended,SPST-NO 16A Non Latching 24VDC General Purpose Through Hole Relays ROHS,https://datasheet.lcsc.com/lcsc/1810271708_HF-Xiamen-Hongfa-Electroacoustic-HF115F-024-1HS3_C24645.pdf,1-9:1.600000000,10-29:1.335433071,30-99:1.143307087,100-499:0.985826772,500-999:0.957480315,1000-1999:0.944881890,2000-3999:0.935433071,4000-:0.927559055,0,
C26638,Pushbutton Switches & Relays,Tactile Switches,C26638,SW-SMD,2,Made in China,Extended,SPST-NO 50mA @ 12VDC Top Actuated Standard SMD Tactile Switches RoHS,https://datasheet.lcsc.com/lcsc/1806111712_Made-in-China-C26638_C26638.pdf,10-90:0.041259843,100-290:0.034330709,1000-4990:0.024881890,10000-19990:0.023937008,5000-9990:0.024251969,40000-:0.023464567,300-990:0.029133858,20000-39990:0.023622047,0,
C2681571,Pushbutton Switches & Relays,Slide Switches,SS12D07VG2,SW-TH,5,SHOU HAN,Extended,Plugin Slide Switches ROHS,https://datasheet.lcsc.com/lcsc/2102241737_SHOU-HAN-SS12D07VG2_C2681571.pdf,50-450:0.016535433,500-1450:0.013370079,1500-4950:0.011086614,5000-24950:0.009196850,25000-49950:0.008881890,50000-99950:0.008724409,100000-199950:0.008598425,200000-:0.008519685,0,
C2681572,Pushbutton Switches & Relays,Slide Switches,SS12D07VG3,SW-TH,5,SHOU HAN,Extended,Plugin Slide Switches ROHS,https://datasheet.lcsc.com/lcsc/2102241737_SHOU-HAN-SS12D07VG3_C2681572.pdf,50-450:0.016535433,500-1450:0.013370079,1500-4950:0.011086614,5000-24950:0.009196850,25000-49950:0.008881890,50000-99950:0.008724409,100000-199950:0.008598425,200000-:0.008519685,0,
C2681573,Pushbutton Switches & Relays,Slide Switches,SS12D07VG5,SW-TH,5,SHOU HAN,Extended,Plugin Slide Switches ROHS,https://datasheet.lcsc.com/lcsc/2102241737_SHOU-HAN-SS12D07VG5_C2681573.pdf,80000-:0.008377953,20-180:0.016377953,200-580:0.013228346,600-1980:0.010944882,2000-9980:0.009055118,10000-19980:0.008740157,20000-39980:0.008582677,40000-79980:0.008456693,0,
C2681574,Pushbutton Switches & Relays,Slide Switches,SS12D07VG6,SW-TH,5,SHOU HAN,Extended,Plugin Slide Switches ROHS,https://datasheet.lcsc.com/lcsc/2102241737_SHOU-HAN-SS12D07VG6_C2681574.pdf,20-180:0.016377953,200-580:0.013259843,600-1980:0.010960630,2000-9980:0.009070866,10000-19980:0.008755906,20000-39980:0.008598425,40000-79980:0.008472441,80000-:0.008393701,0,
C2686331,Pushbutton Switches & Relays,Tactile Switches,K2-1107ST-A4DW-06,KEY-SMD,2,Korean Hroparts Elec,Extended, ,https://datasheet.lcsc.com/lcsc/2106071003_Korean-Hroparts-Elec-K2-1107ST-A4DW-06_C2686331.pdf,10-90:0.052598425,100-290:0.038425197,300-990:0.035905512,1000-4990:0.033228346,5000-9990:0.032125984,10000-:0.031496063,0,
C2687300,Pushbutton Switches & Relays,Coded Rotary Switches,EC20A2420402,SW-TH,5,ALPSALPINE,Extended,Through Hole Coded Rotary Switches ROHS,https://datasheet.lcsc.com/lcsc/2102221811_ALPSALPINE-EC20A2420402_C2687300.pdf,4000-:2.037795276,2000-3999:2.055118110,1000-1999:2.078740157,500-999:2.110236220,100-499:2.137007874,30-99:2.195275591,10-29:2.255118110,1-9:2.574803150,0,
C2687370,Pushbutton Switches & Relays,Relays,JV-12S-KT,RELAY-TH,4,FUJITSU,Extended,Through Hole Relays RoHS,https://datasheet.lcsc.com/lcsc/2102021639_FUJITSU-JV-12S-KT_C2687370.pdf,10-29:1.152755906,100-499:1.001574803,1-9:1.560629921,30-99:1.077165354,1000-1999:0.951181102,4000-:0.930708661,500-999:0.968503937,2000-3999:0.940157480,0,
C2691649,Pushbutton Switches & Relays,Tactile Switches,1TS009C-2500-5000-CT,SW-SMD,2,HYP (Hongyuan Precision),Extended, ,https://datasheet.lcsc.com/lcsc/2102040306_HYP-Hongyuan-Precision-1TS009C-2500-5000-CT_C2691649.pdf,5000-:0.054645669,5-45:0.089921260,50-145:0.066299213,150-495:0.061889764,500-2495:0.057637795,2500-4995:0.055590551,0,
C2762974,Pushbutton Switches & Relays,Tactile Switches,GT-TC116B-H095-L1,KEY-SMD,4,G-Switch,Extended, ,https://datasheet.lcsc.com/lcsc/2104150246_G-Switch-GT-TC116B-H095-L1_C2762974.pdf,5-45:0.100472441,150-495:0.067874016,5000-9995:0.053700787,2500-4995:0.054645669,10000-19995:0.053070866,20000-:0.052598425,50-145:0.081574803,500-2495:0.056692913,0,
C276429,Pushbutton Switches & Relays,Relays,SM-S-124DM1,RELAY-TH_SM-S-1XXDM1,6,SANYOU RELAYS,Extended,- Relays ROHS,https://datasheet.lcsc.com/lcsc/1912111437_SANYOU-RELAYS-SM-S-124DM1_C276429.pdf,10-29:1.037795276,100-499:0.703937008,1000-1999:0.664566929,4000-:0.648818898,1-9:1.289763780,30-99:0.855118110,2000-3999:0.655118110,500-999:0.678740157,0,
C276432,Pushbutton Switches & Relays,Relays,SRD-S-105D,RELAY-TH_SRD-S-1XXXXX,5,SANYOU RELAYS,Extended,5VDC SPDT 12A General Purpose Non Latching Through Hole Relays ROHS,https://datasheet.lcsc.com/lcsc/1810091732_SANYOU-RELAYS-SRD-S-105D_C276432.pdf,10-29:0.433070866,100-499:0.299212598,1000-1999:0.285039370,500-999:0.289763780,4000-:0.278740157,1-9:0.533858268,30-99:0.360629921,2000-3999:0.280314961,0,
C276435,Pushbutton Switches & Relays,Relays,SRD-S-124D,RELAY-TH_SRD-S-1XXXXX,5,SANYOU RELAYS,Extended,24VDC SPDT 12A General Purpose Latching, Single Coil Through Hole Relays ROHS,https://datasheet.lcsc.com/lcsc/1809211229_SANYOU-RELAYS-SRD-S-124D_C276435.pdf,1-9:0.514960630,10-29:0.414173228,30-99:0.340157480,100-499:0.280314961,500-999:0.270866142,1000-1999:0.264566929,2000-3999:0.261417323,4000-:0.258267717,0,
C278311,Pushbutton Switches & Relays,Relays,HF115F/110-1HS2,RELAY-TH_HF115F_+_X-1HX2XX,4,HF(Xiamen Hongfa Electroacoustic),Extended,General Purpose Non Latching 110VDC SPST Through Hole Relays RoHS,https://datasheet.lcsc.com/szlcsc/1912111437_HF-Xiamen-Hongfa-Electroacoustic-HF115F-110-1HS2_C278311.pdf,1-9:2.245669291,10-29:1.817322835,30-99:1.507086614,100-499:1.250393701,1000-1999:1.184251969,500-999:1.206299213,2000-3999:1.168503937,4000-:1.157480315,0,
C2849416,Pushbutton Switches & Relays,Relays,G5V-13 DC3,TH-6_7.5X12.5X2.54P,6,Omron Electronics Inc-EMC Div,Extended,Highly Sensitive SPDT Relay for Signal Circuits,http://www.omron.com/ecb/products/pdf/en-g5v_1.pdf,1-999:0.000629921,1000-:0.000157480,0,
C2859267,Pushbutton Switches & Relays, ,CAS-220A,SMD-6_3.9X5.4X1.75P,6,Nidec Copal,Extended,Slide Switches RoHS,https://www.mouser.com/datasheet/2/972/cas-1628136.pdf,1-999:0.000629921,1000-:0.000157480,0,
C2935349,Pushbutton Switches & Relays,DIP Switches,416131160803,SMD-6_L5.0-W5.8-P1.27-LS8.44,6,Wurth Elektronik,Extended,Small Compact SMT Dip Switch,https://www.we-online.com/katalog/datasheet/416131160803.pdf,1000-:0.000196850,1-999:0.000629921,0,
C309193,Pushbutton Switches & Relays,Rocker Switches,SS31-BBNNQ-RS30-R,SW-TH,3,Legion,Extended,Through Hole Rocker Switches ROHS,https://datasheet.lcsc.com/lcsc/1912111437_Legion-SS31-BBNNQ-RS30-R_C309193.pdf,500-999:0.533858268,4000-:0.516535433,1-9:0.935433071,30-99:0.650393701,1000-1999:0.525984252,2000-3999:0.519685039,10-29:0.770078740,100-499:0.551181102,0,
C309263,Pushbutton Switches & Relays,Rocker Switches,RT-S02-113-R42BR,SW-TH_RT-S02-113-R42BR,3,ROCKTEK,Extended,Through Hole Rocker Switches ROHS,https://datasheet.lcsc.com/lcsc/1912111437_ROCKTEK-RT-S02-113-R42BR_C309263.pdf,500-999:0.253543307,1-9:0.442519685,30-99:0.308661417,2000-3999:0.247244094,10-29:0.363779528,100-499:0.261417323,1000-1999:0.250393701,4000-:0.245669291,0,
C314497,Pushbutton Switches & Relays,DIP Switches,208U008ST,SW-TH,16,CTS Electronic Components,Extended,Through Hole DIP Switches RoHS,https://datasheet.lcsc.com/lcsc/1912111437_CTS-Electronic-Components-208U008ST_C314497.pdf,10-29:0.829921260,100-499:0.604724409,1000-1999:0.577952756,4000-:0.568503937,500-999:0.587401575,1-9:1.001574803,30-99:0.707086614,2000-3999:0.571653543,0,
C315832,Pushbutton Switches & Relays,Slide Switches,V80214SS05Q,SW-TH,6,C&K,Extended,- 5GPA @ 250VAC,4RA @ 30VDC On-On DPDT - - Slide Switches ROHS,https://datasheet.lcsc.com/lcsc/1912111437_C&K-V80214SS05Q_C315832.pdf,10-29:5.628346457,102-103:5.379527559,100-101:5.379527559,1-9:6.259842520,30-99:5.529133858,104-:5.379527559,0,
C329302,Pushbutton Switches & Relays,Relays,JZC-32F-024-HS3(555),RELAY-TH_JZC-32F-024-HS3,4,HF(Xiamen Hongfa Electroacoustic),Extended,General Purpose Non Latching 24VDC SPST DIP Relays RoHS,https://datasheet.lcsc.com/szlcsc/1912111437_HF-Xiamen-Hongfa-Electroacoustic-JZC-32F-024-HS3-555_C329302.pdf,1-9:0.480314961,30-99:0.335433071,1000-1999:0.297637795,4000-:0.292913386,500-999:0.303937008,2000-3999:0.294488189,10-29:0.357480315,100-499:0.313385827,0,
C331206,Pushbutton Switches & Relays,Slide Switches,SSSS811501,SW-TH,8,ALPSALPINE,Extended, ,https://datasheet.lcsc.com/lcsc/1912112237_ALPSALPINE-SSSS811501_C331206.pdf,1-9:0.458267717,10-29:0.377952756,30-99:0.319685039,100-499:0.270866142,1000-1999:0.259842520,4000-:0.253543307,500-999:0.262992126,2000-3999:0.256692913,20,
C338650,Pushbutton Switches & Relays,Tactile Switches,K2-1102AQ-N4CW-01,KEY-TH,4,Korean Hroparts Elec,Extended,SPST Side operation Round Button 250±30gf Through Hole Tactile Switches RoHS,https://datasheet.lcsc.com/lcsc/1912111437_Korean-Hroparts-Elec-K2-1102AQ-N4CW-01_C338650.pdf,5-45:0.117322835,50-145:0.097165354,150-495:0.082519685,500-2495:0.070551181,2500-4995:0.068503937,5000-9995:0.067401575,10000-19995:0.066614173,20000-:0.066141732,440,
C340660,Pushbutton Switches & Relays,Relays,HF3FD/005-ZST,RELAY-TH_HF3FD_+_005-ZST,5,HF(Xiamen Hongfa Electroacoustic),Extended,General Purpose Non Latching 5VDC SPDT Through Hole Relays RoHS,https://datasheet.lcsc.com/szlcsc/1912111437_HF-Xiamen-Hongfa-Electroacoustic-HF3FD-005-ZST_C340660.pdf,500-999:0.571653543,4000-:0.552755906,1-9:0.881889764,30-99:0.628346457,2000-3999:0.555905512,10-29:0.667716535,100-499:0.588976378,1000-1999:0.563779528,0,
C340664,Pushbutton Switches & Relays,Relays,HF3FA/012-ZST,RELAY-TH_HF3FA_+_012-ZST,5,HF(Xiamen Hongfa Electroacoustic),Extended,12VDC SPDT 10A General Purpose Non Latching Through Hole Relays ROHS,https://datasheet.lcsc.com/lcsc/1912111437_HF-Xiamen-Hongfa-Electroacoustic-HF3FA-012-ZST_C340664.pdf,1-9:0.770078740,10-29:0.637795276,30-99:0.541732283,100-499:0.462992126,500-999:0.450393701,1000-1999:0.442519685,2000-3999:0.437795276,4000-:0.434645669,0,
C355446,Pushbutton Switches & Relays,Relays,2027395-5,RELAY-TH,4,TE Connectivity,Extended,12VDC SPST 35A General Purpose Non Latching Through Hole Relays ROHS,https://datasheet.lcsc.com/lcsc/1912111437_TE-Connectivity-2027395-5_C355446.pdf,1-9:2.379527559,10-29:2.058267717,30-99:2.000000000,100-499:1.941732283,500-999:1.914960630,1000-1999:1.883464567,2000-3999:1.858267717,4000-:1.842519685,0,
C355447,Pushbutton Switches & Relays,Relays,1393260-7,RELAY-TH,14,TE Connectivity,Extended,General Purpose Non Latching 24VDC 4NO+2NC Through Hole Relays RoHS,https://datasheet.lcsc.com/lcsc/1912111437_TE-Connectivity-1393260-7_C355447.pdf,34-35:13.162204724,1-9:13.555905512,30-31:13.162204724,36-99:13.162204724,1000-:13.036220472,10-29:13.555905512,32-33:13.162204724,100-999:13.036220472,0,
C358643,Pushbutton Switches & Relays,Relays,HF115F/012-2HS4,RELAY-TH_HF115F-6P,6,HF(Xiamen Hongfa Electroacoustic),Extended,12VDC SPST 16A General Purpose Non Latching Through Hole Relays ROHS,https://datasheet.lcsc.com/lcsc/1912111437_HF-Xiamen-Hongfa-Electroacoustic-HF115F-012-2HS4_C358643.pdf,1-9:1.445669291,10-29:1.162204724,30-99:0.957480315,100-499:0.788976378,500-999:0.760629921,1000-1999:0.746456693,2000-3999:0.735433071,4000-:0.727559055,0,
C3630,Pushbutton Switches & Relays,Relays,HF-115F/012-2ZS4,RELAY-TH,8,HF(Xiamen Hongfa Electroacoustic),Extended,General Purpose Non Latching 12VDC DPDT Through Hole Relays RoHS,https://datasheet.lcsc.com/lcsc/1810271710_HF-Xiamen-Hongfa-Electroacoustic-HF-115F-012-2ZS4_C3630.pdf,4000-:0.875590551,500-999:0.907086614,2000-3999:0.883464567,10-29:1.062992126,100-499:0.935433071,1-9:1.409448819,30-99:1.000000000,1000-1999:0.892913386,0,
C368714,Pushbutton Switches & Relays,Relays,HRS1H-S-DC5V-3A,RELAY-TH_HRS1H-X-XX,6,Zhejiang HKE,Extended,General Purpose Non Latching 5VDC SPDT Through Hole Relays RoHS,https://datasheet.lcsc.com/szlcsc/1912111437_Zhejiang-HKE-HRS1H-S-DC5V-3A_C368714.pdf,4000-:0.239370079,500-999:0.248818898,1-9:0.433070866,30-99:0.302362205,2000-3999:0.242519685,10-29:0.357480315,100-499:0.256692913,1000-1999:0.244094488,0,
C368715,Pushbutton Switches & Relays,Relays,CMP7-S-DC48V-A-R,RELAY-TH_CMP7-S-DC48V-A-R,4,Zhejiang HKE,Extended,48VDC SPDT 30A General Purpose Non Latching Through Hole Relays ROHS,https://datasheet.lcsc.com/lcsc/1912111437_Zhejiang-HKE-CMP7-S-DC48V-A-R_C368715.pdf,1-9:1.636220472,30-99:1.138582677,1000-1999:0.921259843,2000-3999:0.910236220,500-999:0.937007874,4000-:0.903937008,10-29:1.348031496,100-499:0.965354331,0,
C381090,Pushbutton Switches & Relays,Push Switches,XKB5858-Z-TP,SMD,6,XKB Connectivity,Extended,LATCHING 10.00mm 100mA 160±80gf Surface Mount 5.80mm x 5.80mm DPDT SMD Push Switches ROHS,https://datasheet.lcsc.com/lcsc/2002271813_XKB-Connectivity-XKB5858-Z-TP_C381090.pdf,1-9:0.478740157,10-29:0.387401575,30-99:0.322834646,100-499:0.267716535,500-999:0.258267717,1000-1999:0.255118110,2000-3999:0.250393701,4000-:0.248818898,2,
C396987,Pushbutton Switches & Relays,Relays,932-24VDC-SL-A 5A/0.2W,RELAY-TH_932-24VDC-SL-A,4,NHLC,Extended,Through Hole Relays ROHS,https://datasheet.lcsc.com/lcsc/1912111437_NHLC-932-24VDC-SL-A-5A-0.2W_C396987.pdf,10-29:0.418897638,100-499:0.300787402,1000-1999:0.286614173,1-9:0.508661417,30-99:0.354330709,2000-3999:0.283464567,4000-:0.281889764,500-999:0.291338583,0,
C396990,Pushbutton Switches & Relays,Relays,932-24VDC-SL-AH,RELAY-TH_932-XXVDC-SL-AH,4,NHLC,Extended,24VDC SPST 5A General Purpose Non Latching Through Hole Relays ROHS,https://datasheet.lcsc.com/lcsc/1912111437_NHLC-932-24VDC-SL-AH_C396990.pdf,10-29:0.371653543,100-499:0.267716535,500-999:0.258267717,2000-3999:0.251968504,1-9:0.451968504,30-99:0.314960630,1000-1999:0.255118110,4000-:0.250393701,0,
C397257,Pushbutton Switches & Relays,Relays,G2RL-2 DC12,RELAY-TH_G2RL-2,8,Omron Electronics,Extended,General Purpose Non Latching 12VDC DPDT DIP Relays RoHS,https://datasheet.lcsc.com/szlcsc/1912111437_Omron-Electronics-G2RL-2-DC12_C397257.pdf,2000-3999:1.222047244,1-9:1.992125984,10-29:1.485039370,30-99:1.392125984,100-499:1.299212598,1000-1999:1.237795276,500-999:1.258267717,4000-:1.212598425,0,
C397268,Pushbutton Switches & Relays,Relays,G2R-1 DC24,RELAY-TH_G2R-1,5,Omron Electronics,Extended,General Purpose Non Latching 24VDC SPDT DIP Relays RoHS,https://datasheet.lcsc.com/szlcsc/1912111437_Omron-Electronics-G2R-1-DC24_C397268.pdf,500-999:1.056692913,10-29:1.240944882,100-499:1.089763780,1000-1999:1.040944882,1-9:1.650393701,30-99:1.165354331,2000-3999:1.028346457,4000-:1.020472441,0,
C400226,Pushbutton Switches & Relays,Mechanical Keyboard Shaft,CPG1511F01S04,KEY-TH_CPG1511F01S0X,2,Kailh,Extended,Through Hole Mechanical Keyboard Shaft ROHS,https://datasheet.lcsc.com/lcsc/1912111437_Kailh-CPG1511F01S04_C400226.pdf,10-13:0.362204724,16-19:0.362204724,100-:0.196850394,29-29:0.362204724,1-9:0.470866142,30-99:0.222047244,14-15:0.362204724,20-28:0.362204724,0,
C400227,Pushbutton Switches & Relays,Mechanical Keyboard Shaft,CPG1511F01S03,KEY-TH_CPG1511F01S0X,2,Kailh,Extended,Through Hole Mechanical Keyboard Shaft ROHS,https://datasheet.lcsc.com/lcsc/1912111437_Kailh-CPG1511F01S03_C400227.pdf,10-13:0.362204724,100-:0.196850394,20-28:0.362204724,29-29:0.362204724,14-15:0.362204724,16-19:0.362204724,1-9:0.470866142,30-99:0.222047244,0,
C400228,Pushbutton Switches & Relays,Mechanical Keyboard Shaft,CPG1511F01S02,KEY-TH_CPG1511F01S0X,2,Kailh,Extended,Through Hole Mechanical Keyboard Shaft ROHS,https://datasheet.lcsc.com/lcsc/1912111437_Kailh-CPG1511F01S02_C400228.pdf,10-13:0.362204724,100-:0.196850394,16-19:0.362204724,14-15:0.362204724,20-28:0.362204724,29-29:0.362204724,1-9:0.470866142,30-99:0.222047244,0,
C400232,Pushbutton Switches & Relays,Mechanical Keyboard Shaft,CPG151101D214,KEY-TH_CPG151101D21X,2,Kailh,Extended,Through Hole Mechanical Keyboard Shaft ROHS,https://datasheet.lcsc.com/lcsc/1912111437_Kailh-CPG151101D214_C400232.pdf,29-29:0.346456693,10-13:0.346456693,16-19:0.346456693,100-:0.182677165,14-15:0.346456693,20-28:0.346456693,1-9:0.450393701,30-99:0.204724409,0,
C400234,Pushbutton Switches & Relays,Mechanical Keyboard Shaft,CPG151101D212,KEY-TH_CPG151101D21X,2,Kailh,Extended,Through Hole Mechanical Keyboard Shaft ROHS,https://datasheet.lcsc.com/lcsc/1912111437_Kailh-CPG151101D212_C400234.pdf,20-28:0.346456693,14-15:0.346456693,16-19:0.346456693,1-9:0.450393701,10-13:0.346456693,100-:0.182677165,30-99:0.204724409,29-29:0.346456693,0,
C400236,Pushbutton Switches & Relays,Mechanical Keyboard Shaft,CPG151101D94,SW-TH,2,Kailh,Extended,Through Hole Mechanical Keyboard Shaft ROHS,https://datasheet.lcsc.com/lcsc/2105241211_Kailh-CPG151101D94_C400236.pdf,10-29:0.243464567,100-499:0.175905512,500-999:0.170677165,1-9:0.294488189,30-99:0.206456693,1000-:0.168110236,0,
C400238,Pushbutton Switches & Relays,Mechanical Keyboard Shaft,CPG151101D92,SW-TH,2,Kailh,Extended,Through Hole Mechanical Keyboard Shaft ROHS,https://datasheet.lcsc.com/lcsc/2105241211_Kailh-CPG151101D92_C400238.pdf,1-9:0.294488189,10-29:0.243464567,30-99:0.206456693,100-499:0.175905512,500-999:0.170677165,1000-:0.168110236,0,
C400239,Pushbutton Switches & Relays,Mechanical Keyboard Shaft,CPG151101D91,SW-TH,2,Kailh,Extended,Through Hole Mechanical Keyboard Shaft ROHS,https://datasheet.lcsc.com/lcsc/2105241211_Kailh-CPG151101D91_C400239.pdf,500-999:0.151968504,10-29:0.224566929,100-499:0.157165354,1-9:0.275590551,30-99:0.187559055,1000-:0.149291339,0,
C400947,Pushbutton Switches & Relays,Relays,HF49FD/005-1H12,RELAY-TH_HF49FD_+_XXX-1H12_XXX,4,HF(Xiamen Hongfa Electroacoustic),Extended,General Purpose Non Latching 5VDC SPST Through Hole Relays RoHS,https://datasheet.lcsc.com/szlcsc/1912111437_HF-Xiamen-Hongfa-Electroacoustic-HF49FD-005-1H12_C400947.pdf,500-999:0.716535433,4000-:0.694488189,10-29:0.828346457,100-499:0.737007874,1000-1999:0.707086614,1-9:1.077165354,30-99:0.782677165,2000-3999:0.699212598,0,
C404350,Pushbutton Switches & Relays,Mechanical Keyboard Shaft,CPG151101S03,KEY-TH,2,Kailh,Extended,Through Hole Mechanical Keyboard Shaft ROHS,https://datasheet.lcsc.com/lcsc/1912111437_Kailh-CPG151101S03_C404350.pdf,16-19:0.346456693,29-29:0.346456693,14-15:0.346456693,1-9:0.450393701,10-13:0.346456693,20-28:0.346456693,30-99:0.173228346,100-:0.154330709,0,
C404351,Pushbutton Switches & Relays,Mechanical Keyboard Shaft,CPG151101S21,KEY-TH,2,Kailh,Extended,Through Hole Mechanical Keyboard Shaft ROHS,https://datasheet.lcsc.com/lcsc/1912111437_Kailh-CPG151101S21_C404351.pdf,1-9:0.450393701,14-15:0.346456693,20-28:0.346456693,30-99:0.173228346,10-13:0.346456693,16-19:0.346456693,29-29:0.346456693,100-:0.154330709,0,
C404352,Pushbutton Switches & Relays,Mechanical Keyboard Shaft,CPG151101S06,SW-TH_CPG151101S06,2,Kailh,Extended,Through Hole Mechanical Keyboard Shaft ROHS,https://datasheet.lcsc.com/lcsc/1912111437_Kailh-CPG151101S06_C404352.pdf,14-15:0.346456693,20-28:0.346456693,29-29:0.346456693,10-13:0.346456693,16-19:0.346456693,100-:0.154330709,1-9:0.450393701,30-99:0.173228346,0,
C404353,Pushbutton Switches & Relays,Mechanical Keyboard Shaft,CPG151101S13,KEY-TH,2,Kailh,Extended,Through Hole Mechanical Keyboard Shaft ROHS,https://datasheet.lcsc.com/lcsc/1912111437_Kailh-CPG151101S13_C404353.pdf,10-13:0.346456693,20-28:0.346456693,100-:0.154330709,1-9:0.450393701,14-15:0.346456693,30-99:0.173228346,16-19:0.346456693,29-29:0.346456693,0,
C431546,Pushbutton Switches & Relays,Slide Switches,SS12D07VG4,SW-TH,5,SHOU HAN,Extended,Through Hole Slide Switches ROHS,https://datasheet.lcsc.com/lcsc/1912111437_SHOU-HAN-SS12D07VG4_C431546.pdf,10-90:0.039527559,100-290:0.033070866,300-990:0.028346457,1000-4990:0.024409449,5000-9990:0.023779528,10000-19990:0.023464567,20000-39990:0.023149606,40000-:0.022992126,10,
C445493,Pushbutton Switches & Relays,Tactile Switches,K2-1102DP-L3SW-04,SW-TH,4,Korean Hroparts Elec,Extended,SPST Vertical Round Button 180±30gf Through Hole Tactile Switches RoHS,https://datasheet.lcsc.com/lcsc/1912111437_Korean-Hroparts-Elec-K2-1102DP-L3SW-04_C445493.pdf,10-90:0.055905512,300-990:0.039685039,20000-39990:0.032125984,5000-9990:0.033070866,40000-:0.031968504,100-290:0.046456693,1000-4990:0.034015748,10000-19990:0.032598425,0,
C455193,Pushbutton Switches & Relays,Tactile Switches,TS-1002U-05526,SW-SMD,5,XUNPU,Extended,Side Actuated 50mA @ 12VDC Round Button 260gf SPST SMD,7.1x7.5x5.5mm Tactile Switches ROHS,https://datasheet.lcsc.com/lcsc/1912111437_XUNPU-TS-1002U-05526_C455193.pdf,5-45:0.120944882,50-145:0.100157480,150-495:0.085039370,500-2495:0.072755906,2500-4995:0.070551181,5000-9995:0.069448819,10000-19995:0.068661417,20000-:0.068188976,0,
C470681,Pushbutton Switches & Relays,Coded Rotary Switches,EC20A1820401,SW-TH_EC20A1820401,5,ALPSALPINE,Extended,Through Hole Coded Rotary Switches ROHS,https://datasheet.lcsc.com/lcsc/2005150633_ALPSALPINE-EC20A1820401_C470681.pdf,496-499:3.740157480,2000-:3.544881890,1-9:5.622047244,10-29:4.245669291,30-99:3.993700787,100-490:3.740157480,500-1999:3.600000000,491-495:3.740157480,0,
C471581,Pushbutton Switches & Relays,Relays,NY12W-K,RELAY-TH_NYXXW-K,4,FUJITSU,Extended,Through Hole Relays ROHS,https://datasheet.lcsc.com/lcsc/1912230932_FUJITSU-NY12W-K_C471581.pdf,500-999:1.307086614,10-29:1.535433071,100-499:1.348031496,1000-1999:1.286614173,4000-:1.261417323,1-9:2.044094488,30-99:1.440944882,2000-3999:1.270866142,0,
C476628,Pushbutton Switches & Relays,Rocker Switches,RT-S01-113-L4LBR,SW-TH,3,ROCKTEK,Extended,Through Hole Rocker Switches ROHS,https://datasheet.lcsc.com/lcsc/2001121206_ROCKTEK-RT-S01-113-L4LBR_C476628.pdf,1-9:0.459842520,30-99:0.321259843,2000-3999:0.256692913,4000-:0.255118110,10-29:0.379527559,100-499:0.272440945,1000-1999:0.259842520,500-999:0.264566929,0,
C484208,Pushbutton Switches & Relays,Relays,G6B-1114P-US-DC24,RELAY-TH_G6B-1114P-US-DCXX,4,Omron Electronics,Extended,Through Hole Relays RoHS, ,1-9:3.661417323,10-29:3.075590551,30-99:2.651968504,100-499:2.300787402,500-999:2.240944882,1000-1999:2.211023622,2000-3999:2.190551181,4000-:2.174803150,0,
C501521,Pushbutton Switches & Relays,DIP Switches,NDA-08V,SW-TH_NDA-08V,16,Diptronics,Extended,DIP-16 DIP Switches RoHS,https://datasheet.lcsc.com/szlcsc/2004170903_Diptronics-NDA-08V_C501521.pdf,1-9:0.818897638,10-29:0.612598425,30-99:0.574803150,100-499:0.537007874,1000-1999:0.511811024,2000-3999:0.505511811,500-999:0.521259843,4000-:0.502362205,0,
C501529,Pushbutton Switches & Relays,DIP Switches,NDS-02V,SW-TH_4P-L6.4-W9.9-P2.54-LS7.6,4,Diptronics,Extended,DIP-4 DIP Switches ROHS,https://datasheet.lcsc.com/lcsc/2004221132_Diptronics-NDS-02V_C501529.pdf,1-9:0.444094488,10-29:0.346456693,30-99:0.329133858,100-499:0.310236220,500-999:0.302362205,1000-1999:0.299212598,2000-3999:0.296062992,4000-:0.294488189,0,
C510719,Pushbutton Switches & Relays,Relays,HF115F/012-2HS4AF,RELAY-TH_HF115F_+_012-2HS4AF,6,HF(Xiamen Hongfa Electroacoustic),Extended,Through Hole Relays RoHS,https://datasheet.lcsc.com/szlcsc/2004091205_HF-Xiamen-Hongfa-Electroacoustic-HF115F-012-2HS4AF_C510719.pdf,1-9:1.503937008,10-29:1.239370079,100-499:0.889763780,1000-1999:0.848818898,4000-:0.831496063,30-99:1.047244094,2000-3999:0.839370079,500-999:0.861417323,0,
C512815,Pushbutton Switches & Relays,Relays,HF161F/24-HT,RELAY-TH,4,HF(Xiamen Hongfa Electroacoustic),Extended,DIP Relays RoHS,https://datasheet.lcsc.com/lcsc/2101281908_HF-Xiamen-Hongfa-Electroacoustic-HF161F-24-HT_C512815.pdf,500-999:0.992125984,2000-3999:0.968503937,4000-:0.960629921,1-9:1.664566929,10-29:1.387401575,30-99:1.185826772,100-499:1.020472441,1000-1999:0.977952756,0,
C55126,Pushbutton Switches & Relays,Relays,JQC-3FF/24VDC-1ZS(551),RELAY-TH_HF_JQC-3FF,5,HF(Xiamen Hongfa Electroacoustic),Extended,General Purpose Non Latching 24VDC SPDT Through Hole Relays RoHS,https://datasheet.lcsc.com/szlcsc/1810271633_HF-Xiamen-Hongfa-Electroacoustic-JQC-3FF-24VDC-1ZS-551_C55126.pdf,1-9:0.470866142,10-29:0.366929134,30-99:0.346456693,100-499:0.327559055,500-999:0.319685039,1000-1999:0.314960630,2000-3999:0.311811024,4000-:0.310236220,0,
C555319,Pushbutton Switches & Relays,Relays,HFD2/048-M,RELAY-TH_HFD2_+_0XX-M,8,HF(Xiamen Hongfa Electroacoustic),Extended,- Relays ROHS,https://datasheet.lcsc.com/lcsc/2005201033_HF-Xiamen-Hongfa-Electroacoustic-HFD2-048-M_C555319.pdf,500-999:1.107086614,10-29:1.600000000,100-499:1.141732283,1000-1999:1.089763780,1-9:1.946456693,30-99:1.349606299,2000-3999:1.075590551,4000-:1.067716535,0,
C557491,Pushbutton Switches & Relays,DIP Switches,EM-01KP,SW-SMD,2,Korean Hroparts Elec,Extended, ,https://datasheet.lcsc.com/lcsc/2104280333_Korean-Hroparts-Elec-EM-01KP_C557491.pdf,4000-:0.174173228,500-999:0.181259843,10-29:0.216535433,100-499:0.187716535,1000-1999:0.178110236,1-9:0.295275591,30-99:0.202204724,2000-3999:0.175748031,0,
C56898,Pushbutton Switches & Relays,Relays,UD2-4.5NU,RELAY-SMD,8,NEC,Extended,SMD-4 Relays RoHS,https://datasheet.lcsc.com/lcsc/1810181817_NEC-UD2-4-5NU_C56898.pdf,100-:0.488188976,30-99:0.522834646,1-9:0.738582677,10-29:0.559055118,0,
C601501,Pushbutton Switches & Relays,DIP Switches,DPL-05RP,SW-TH,10,XKB Connectivity,Extended,DIP DIP Switches RoHS,https://datasheet.lcsc.com/lcsc/2006091816_XKB-Connectivity-DPL-05RP_C601501.pdf,1-9:0.718110236,30-99:0.500787402,2000-3999:0.401574803,500-999:0.412598425,4000-:0.398425197,10-29:0.592125984,100-499:0.425196850,1000-1999:0.406299213,0,
C64058,Pushbutton Switches & Relays,Relays,JQX-115F/012-2ZS4(551),RELAY-TH_JQX-115F_+_012-2ZS4,8,HF(Xiamen Hongfa Electroacoustic),Extended,General Purpose Non Latching 12VDC DPDT Through Hole Relays RoHS,https://datasheet.lcsc.com/szlcsc/1810311714_HF-Xiamen-Hongfa-Electroacoustic-JQX-115F-012-2ZS4-551_C64058.pdf,500-999:1.037795276,4000-:1.006299213,10-29:1.453543307,100-499:1.067716535,1-9:1.744881890,30-99:1.242519685,1000-1999:1.023622047,2000-3999:1.012598425,0,
C64060,Pushbutton Switches & Relays,Relays,JRC-27F/005-S(555),RELAY-TH,8,HF(Xiamen Hongfa Electroacoustic),Extended,Through Hole Relays RoHS, ,1-9:0.935433071,30-99:0.651968504,2000-3999:0.522834646,4000-:0.518110236,10-29:0.770078740,100-499:0.554330709,1000-1999:0.529133858,500-999:0.537007874,0,
C66681,Pushbutton Switches & Relays,Relays,HF14FW/024-HS,RELAY-TH_HF14FW-XH-XXX,6,HF(Xiamen Hongfa Electroacoustic),Extended,General Purpose Non Latching 24VDC SPST-NO Through Hole Relays RoHS,https://datasheet.lcsc.com/szlcsc/1811141412_HF-Xiamen-Hongfa-Electroacoustic-HF14FW-024-HS_C66681.pdf,1-9:1.396850394,10-29:1.132283465,30-99:0.940157480,100-499:0.782677165,500-999:0.754330709,1000-1999:0.741732283,2000-3999:0.732283465,4000-:0.724409449,0,
C674547,Pushbutton Switches & Relays,Relays,Y14F-SS-112L-115,REYAL-TH_Y14F-SS-112L,5,YUANZE RELAY,Extended,Through Hole Relays ROHS,https://datasheet.lcsc.com/lcsc/2008201234_YUANZE-RELAY-Y14F-SS-112L-115_C674547.pdf,500-999:0.674015748,10-29:0.974803150,1-9:1.185826772,30-99:0.822047244,100-499:0.694488189,1000-:0.662992126,0,
C674562,Pushbutton Switches & Relays,Relays,Y3F-SS-105DM,RELAY-TH_Y3F-SS-109DM,4,YUANZE RELAY,Extended,Through Hole Relays ROHS,https://datasheet.lcsc.com/lcsc/2007071834_YUANZE-RELAY-Y3F-SS-105DM_C674562.pdf,1-9:0.319023622,30-99:0.223464567,1000-:0.181889764,10-29:0.263622047,100-499:0.190236220,500-999:0.184566929,0,
C67589,Pushbutton Switches & Relays,Relays,JQX-115F/005-1ZS3,RELAY-TH,8,HF(Xiamen Hongfa Electroacoustic),Extended,General Purpose Non Latching 5VDC SPDT Through Hole Relays RoHS,https://datasheet.lcsc.com/lcsc/1810271721_HF-Xiamen-Hongfa-Electroacoustic-JQX-115F-005-1ZS3_C67589.pdf,1-9:1.533858268,30-99:1.014173228,100-499:0.834645669,1000-1999:0.788976378,500-999:0.804724409,2000-3999:0.777952756,10-29:1.233070866,4000-:0.770078740,0,
C688865,Pushbutton Switches & Relays,Relays,SRD-DC5V-SL-C,RELAY-TH_SRD-DCXXV-SL-C,5,Ningbo Songle Relay,Extended,Through Hole Relays ROHS,https://datasheet.lcsc.com/lcsc/2006281940_Ningbo-Songle-Relay-SRD-DC5V-SL-C_C688865.pdf,1-9:0.355905512,10-29:0.267716535,30-99:0.251968504,100-499:0.236220472,500-999:0.228346457,1000-:0.225196850,0,
C691434,Pushbutton Switches & Relays,Relays,YSK-SS-103L,RELAY-TH_YSK-SS-103L,6,YUANZE RELAY,Extended,Through Hole Relays ROHS,https://datasheet.lcsc.com/lcsc/2007071836_YUANZE-RELAY-YSK-SS-103L_C691434.pdf,1-9:0.382677165,10-29:0.310236220,30-99:0.258267717,100-499:0.214173228,1000-:0.203149606,500-999:0.207874016,0,
C717989,Pushbutton Switches & Relays,Relays,HFD27/005-S,RELAY-TH_YSV-SS-212L,8,HF(Xiamen Hongfa Electroacoustic),Extended,Through Hole Relays ROHS,https://datasheet.lcsc.com/lcsc/2008031905_HF-Xiamen-Hongfa-Electroacoustic-HFD27-005-S_C717989.pdf,10-29:0.525984252,100-499:0.456692913,1000-1999:0.433070866,1-9:0.716535433,30-99:0.491338583,4000-:0.423622047,500-999:0.440944882,2000-3999:0.426771654,0,
C72465,Pushbutton Switches & Relays,Relays,HF3FF/012-1HST,RELAY-TH_HF3FF_+_012-1HS,4,HF(Xiamen Hongfa Electroacoustic),Extended,General Purpose Non Latching 12VDC SPST-NO Through Hole Relays RoHS,https://datasheet.lcsc.com/szlcsc/1810271712_HF-Xiamen-Hongfa-Electroacoustic-HF3FF-012-1HST_C72465.pdf,1-9:0.436220472,30-99:0.308661417,2000-3999:0.272440945,10-29:0.327559055,100-499:0.288188976,1000-1999:0.275590551,4000-:0.270866142,500-999:0.280314961,0,
C79155,Pushbutton Switches & Relays,Tactile Switches,EVQ21305R,KEY-TH_L6.0-W6.0-P5.00-LS5.5,2,PANASONIC,Extended,立式垂直 5.00mm 20mA @ 15VDC 圆形按钮 6.00mm x 6.00mm 单刀单掷 Through Hole Tactile Switches ROHS,https://datasheet.lcsc.com/lcsc/1809121823_PANASONIC-EVQ21305R_C79155.pdf,500-:0.033070866,10-29:0.034645669,100-499:0.033070866,1-9:0.311811024,30-99:0.034645669,0,
C879478,Pushbutton Switches & Relays,Tactile Switches,K2-1157SP-B3SB-01,SW-SMD,4,Korean Hroparts Elec,Extended,SMD Tactile Switches ROHS,https://datasheet.lcsc.com/lcsc/2010292205_Korean-Hroparts-Elec-K2-1157SP-B3SB-01_C879478.pdf,20000-:0.040944882,5-45:0.067559055,150-495:0.047086614,10000-19995:0.041259843,2500-4995:0.042519685,50-145:0.050236220,500-2495:0.043937008,5000-9995:0.041889764,0,
C879751,Pushbutton Switches & Relays,Microswitches,K9-8601A,SW-SMD,2,Korean Hroparts Elec,Extended,SMD Microswitches ROHS,https://datasheet.lcsc.com/lcsc/2011151035_Korean-Hroparts-Elec-K9-8601A_C879751.pdf,1-9:0.431496063,10-29:0.355905512,100-499:0.255118110,1000-1999:0.244094488,4000-:0.239370079,500-999:0.247244094,30-99:0.300787402,2000-3999:0.240944882,0,
C883014,Pushbutton Switches & Relays,Rocker Switches,RS601B-101N011R1B,SW-TH,3,LECI,Extended,Rocker Switches RoHS,https://datasheet.lcsc.com/lcsc/2011180207_LECI-RS601B-101N011R1B_C883014.pdf,1-9:0.401574803,30-99:0.270866142,2000-3999:0.211023622,500-999:0.217322835,4000-:0.209448819,10-29:0.325984252,100-499:0.225196850,1000-1999:0.214173228,0,
C89053,Pushbutton Switches & Relays,Relays,AGN20024,RELAY-TH,8,PANASONIC,Extended,Automotive Non Latching 24VDC DPDT DIP Relays RoHS,https://datasheet.lcsc.com/lcsc/1912111437_PANASONIC-AGN20024_C89053.pdf,1-9:2.233070866,10-29:1.855118110,30-99:1.581102362,100-499:1.355905512,500-999:1.316535433,1000-1999:1.297637795,2000-3999:1.283464567,4000-:1.274015748,25,
C911190,Pushbutton Switches & Relays,Tactile Switches,1TS009C-2500-5000-CT,SW-SMD,2,HYP (Hongyuan Precision),Extended, ,https://datasheet.lcsc.com/lcsc/2010291935_HYP-Hongyuan-Precision-1TS009C-2500-5000-CT_C911190.pdf,5-45:0.099842520,150-495:0.071811024,5000-9995:0.064566929,20000-:0.063464567,2500-4995:0.065511811,10000-19995:0.063937008,50-145:0.076220472,500-2495:0.067559055,0,
C93903,Pushbutton Switches & Relays,Relays,EC2-5NU,RELAY-TH,8,KEMET,Extended,DPDT 2A Non Latching 5VDC General Purpose Through Hole Relays ROHS,https://datasheet.lcsc.com/lcsc/1809301029_KEMET-EC2-5NU_C93903.pdf,500-999:2.220472441,100-499:2.248818898,10-29:2.371653543,1000-:2.187401575,30-99:2.310236220,1-9:2.705511811,0,
C969098,Pushbutton Switches & Relays,Relays,HF46F/12-HS1,RELAYS-TH,4,HF(Xiamen Hongfa Electroacoustic),Extended,Through Hole Relays ROHS,https://datasheet.lcsc.com/lcsc/2012101136_HF-Xiamen-Hongfa-Electroacoustic-HF46F-12-HS1_C969098.pdf,1-9:0.516535433,10-29:0.415748031,30-99:0.341732283,100-499:0.281889764,500-999:0.272440945,1000-1999:0.266141732,2000-3999:0.262992126,4000-:0.259842520,0,
C97445,Pushbutton Switches & Relays,Coded Rotary Switches,EC09E1524404,SW-TH_EC09E1524404,9,ALPSALPINE,Extended,Through Hole Coded Rotary Switches ROHS,https://datasheet.lcsc.com/lcsc/1809051334_ALPSALPINE-EC09E1524404_C97445.pdf,10-29:3.400000000,100-490:2.995275591,1-9:4.502362205,30-99:3.198425197,496-499:2.995275591,2000-:2.839370079,491-495:2.995275591,500-1999:2.883464567,0,